title,viewCount,likeCount,dislikeCount,publishedAt
【 #みとらじ 】ゲストはアンジュさん！【月ノ美兎のギャラクティカラジオ】,178908,9954,51,2021-07-24T14:25:50Z
【Minecraft】JK組がにじさんじサーバーを探検する【月ノ美兎】,111700,5338,37,2021-07-22T13:46:51Z
【お料理ゲーム】刻む女【Cooking Simulator/にじさんじ/月ノ美兎】,100762,4747,20,2021-07-20T15:01:02Z
【オラ夏】きれいなおねいさんこと、月ノ美兎です【にじさんじ/月ノ美兎】,137808,4988,40,2021-07-19T14:50:40Z
月ノ美兎 - YouTube Music Weekend スペシャルライブ,188662,16918,68,2021-07-17T15:35:14Z
月ノ美兎「ウラノミト」MV（1stアルバム「月の兎はヴァーチュアルの夢をみる」収録曲）,281348,24919,77,2021-07-16T15:00:12Z
【どちらかを犠牲に】これがわたくしの「本質」…？【トロッコ問題 of アルマゲドン/にじさんじ/月ノ美兎】,115622,5114,105,2021-07-12T14:00:15Z
【実況】じ ご く の イ ン タ ー ネ ッ ツ【にじさんじ/月ノ美兎】,209660,6980,42,2021-07-08T15:06:32Z
【歌ってみた】アタシポンコツアンドロイド【 JuvveL / にじさんじ】,328461,19972,328,2021-07-07T10:00:13Z
【8人】お絵かき伝言ゲームやる！【Gartic Phone/1期生/にじさんじ/月ノ美兎】,206041,7144,39,2021-07-05T12:35:33Z
【#にじさんじVパチ】本戦出場！夢の中でパチンコする【にじさんじ/月ノ美兎】,677031,11276,129,2021-07-04T14:31:21Z
【#にじさんじVパチ】夢の中でパチンコする【にじさんじ/月ノ美兎】,394769,9402,97,2021-07-03T12:06:41Z
【雑談】この顔になった話など【重大発表もアリ】,226919,9011,60,2021-07-02T14:15:31Z
【リスナー参加型】お絵かき伝言ゲームの時間だゾ【Gartic Phone/にじさんじ/月ノ美兎】,211215,7159,78,2021-06-29T16:13:27Z
【VTuber最強運動会】ここが優勝者枠…ってコト！？【Play On Challenge】,111474,4262,50,2021-06-26T10:14:18Z
【罪】禁断の食物たちを、作ります【にじさんじ/月ノ美兎】,243199,8783,57,2021-06-22T12:28:34Z
【VTuber最強運動会トライアルマッチ】いくぞいくぞいくぞいくぞいくぞいくぞいくぞ【にじさんじ/月ノ美兎】,164480,5518,73,2021-06-19T11:03:58Z
【けっこう割といい感じにデカめで煌びやかな雰囲気のご報告】,175864,9238,84,2021-06-17T12:37:42Z
【AmongUs】第一被害者になる確率が80％の女【にじさんじ/月ノ美兎】,193874,6254,83,2021-06-14T17:35:50Z
【雑談】生きてたら色んなことがある【にじさんじ/月ノ美兎】,318634,11910,83,2021-06-14T14:34:14Z
【お手軽】罪深い創作料理を発表します【健康は保証しない】,339016,11679,68,2021-06-12T12:59:36Z
じゃあ今日は預かってる幼女を撫でたりしますね！【かわいいは壊せる】,262544,8897,150,2021-06-09T15:27:59Z
インターネット with 女 with 会話,261076,10212,58,2021-06-06T13:36:23Z
【BIOHAZARD７】インターネットの人とバイオ７やる【月ノ美兎/名取さな】,290373,10461,76,2021-06-05T10:56:26Z
リスナーからヤバそうな家具いっぱいもらいました【月ノ美兎/にじさんじ】,247282,9604,58,2021-06-03T14:28:51Z
マリオパーティの限界に挑む【月ノ美兎/リゼ/名取さな/パトラ/VWW】,283900,10558,57,2021-06-01T14:05:46Z
「絶対眠ってしまう」と噂の店に行ったら電波だった【体験レポ】【にじさんじ/月ノ美兎】,198897,7805,60,2021-05-31T14:16:59Z
ディスコ―ドのログを超ファンシーにして晒す【VWW】,206723,14496,38,2021-05-29T10:00:17Z
【アンリアルライフ】失った記憶と、ニセモノを探す【にじさんじ/月ノ美兎】,114638,5341,39,2021-05-26T16:40:32Z
マッチングアプリで出会い厨してみた＾＾（ゲームです）【にじさんじ/月ノ美兎】,318695,9209,91,2021-05-24T16:44:46Z
真夜中、あなたと記憶をたどる #1【アンリアルライフ/にじさんじ/月ノ美兎】,224141,6823,52,2021-05-22T16:46:05Z
【 #リモートJKL 】日本語で話します【にじさんじ/月ノ美兎/楓/静凛/える】,232505,9724,44,2021-05-18T14:40:51Z
もうクソザコとは言わせない英会話伝言ゲーム【にじさんじ/JKL】,456321,22530,126,2021-05-17T10:00:16Z
命には終わりがあるって初めて知ったときどう思った？,241384,11496,83,2021-05-15T06:23:58Z
クソザコ英会話伝言ゲーム【JKL/にじさんじ】,661509,35748,264,2021-05-13T10:00:21Z
話します,247700,8764,58,2021-05-10T14:40:42Z
【最終回（多分）】リンダキューブ・アゲイン！！！！！【にじさんじ/月ノ美兎】,153374,5623,36,2021-05-08T11:47:23Z
通話相手の背後に殺人鬼…！？あなたならどうする？【MOOZ/にじさんじ/月ノ美兎】,214458,6870,53,2021-05-07T14:21:39Z
【モンハンライズ】行くぞリゼ！名取さな！周防パトラ！【#VWW /月ノ美兎】,152965,6182,34,2021-05-05T14:12:18Z
【朗報】リンダキューブ、やさしい世界になる【にじさんじ/月ノ美兎】,133528,4687,37,2021-05-03T10:53:46Z
ステップアップLOVE/DAOKO × 岡村靖幸 (covered by 月ノ美兎とジョー・力一),192384,14265,58,2021-05-01T10:00:16Z
針でぶっ刺されたら不眠症は治るのか？【体験系雑談】,300626,10877,88,2021-04-29T15:25:17Z
【#ちゃんぽん宇宙人狼​】秘儀・泣き落としの術【にじさんじ/月ノ美兎】,134126,5077,41,2021-04-27T13:44:01Z
【リンダキューブ】全力で心を折りに来る系RPG【にじさんじ/月ノ美兎】,241273,6177,64,2021-04-24T12:36:28Z
【モンハンライズ】楓と美兎 ～笛と操虫棍～,178482,6414,62,2021-04-20T14:49:31Z
【リンダキューブ】ヒロインが移植でムキムキになった系RPG【にじさんじ/月ノ美兎】,217930,6813,45,2021-04-18T10:13:36Z
【終焉介護】にじさんじいちゃん【月ノ美兎】,183460,5825,45,2021-04-15T15:01:48Z
【#JK組リレー】3.0お披露目♥【にじさんじ/月ノ美兎】,468317,19430,105,2021-04-14T13:28:55Z
新アイドル・にちかさんを初プロデュース！！【シャニマス/にじさんじ/月ノ美兎】,318803,8252,93,2021-04-12T15:32:10Z
サンタがトラウマになる系RPG【リンダキューブアゲイン/にじさんじ/月ノ美兎】,353947,8302,84,2021-04-11T11:34:21Z
【モンハンライズ】操虫棍ではじめてみるゾ【にじさんじ/月ノ美兎】,291962,7609,92,2021-04-08T15:40:12Z
今日はリンダキューブでサイコ・サンタから身内を取り返しに行く日です,223508,6504,117,2021-04-07T15:58:44Z
今日はリンダキューブを一日中やる日です,680192,14025,251,2021-04-04T16:19:24Z
「恋」星野源 cover - family,567130,33597,197,2021-04-02T10:00:16Z
エイプリルフールだけど普通に「発表」しよう！【にじさんじ/月ノ美兎】,248854,12990,85,2021-04-01T13:35:48Z
【つきのみと】怖すぎて放送禁止になったCM,433422,23485,79,2021-04-01T12:38:11Z
アマガミで全員攻略しないと出てこないヤンデレキャラがいるらしい後編【にじさんじ/月ノ美兎】,289858,7327,70,2021-03-27T08:49:59Z
アマガミで全員攻略しないと出てこないヤンデレキャラがいるらしい【にじさんじ/月ノ美兎】,235465,7576,46,2021-03-26T15:21:20Z
【#みとの新衣装】kawaii力を貯めてプリプリ新衣装を見よう！【にじさんじ/月ノ美兎】,423478,19934,142,2021-03-25T13:29:26Z
みんなで空気読み。3 を、わたくしはできる【にじさんじ/月ノ美兎】,237183,7619,104,2021-03-22T14:16:35Z
【選択肢式ホラーアニメ】ダブルキャストやる・完結（多分）【にじさんじ/月ノ美兎】,170677,6393,55,2021-03-20T05:43:36Z
月ノ美兎の声真似を募集したらカオスになる,349496,13695,92,2021-03-16T13:13:29Z
【選択肢式ホラーアニメ】ダブルキャストやる【にじさんじ/月ノ美兎】,209310,7193,49,2021-03-13T04:51:12Z
公園の地下に巨大神殿があるらしいので行ってみた【にじさんじ/月ノ美兎】,210713,8275,50,2021-03-11T15:02:41Z
【ウマ娘】ワイが馬主ね【月ノ美兎/にじさんじ】,565437,13877,864,2021-03-09T17:33:00Z
最初からいたやつが解けないわけ、なくない！？【にじリーグ/にじさんじ/月ノ美兎】,221581,7919,63,2021-03-06T12:58:31Z
【 #にじFes2021 】フェスの色々とか雑談とか！【にじさんじ/月ノ美兎】,152509,7024,31,2021-03-01T14:21:51Z
斧ブン投げてきた,322967,10612,65,2021-02-25T14:13:05Z
美少女同士がすごいテンションで罵り合うデスゲーム【幻想牢獄のカレイドスコープ/にじさんじ/月ノ美兎】,510938,12719,93,2021-02-20T15:35:23Z
しばらく雲隠れしていた理由と前世療法を受けた話【にじさんじ/月ノ美兎】,363832,13254,116,2021-02-15T14:08:21Z
生存報告しようとしたら地震が起きて中断した配信【にじさんじ/月ノ美兎】,436499,17457,212,2021-02-13T14:15:57Z
【#NIJINYANJI】Nyanyanyanyanyanyanya!【 @月ノ美兎 】,337461,15797,77,2021-02-03T11:15:12Z
”舞” わせていただきます【にじさんじ/月ノ美兎】,276939,9332,63,2021-01-28T13:21:00Z
サムネの流儀 -月ノ美兎の場合-【にじさんじ/サムネの作り方】,229024,14805,70,2021-01-27T10:00:12Z
Nyan_つきのみと #shorts,1064786,52059,601,2021-01-23T10:00:03Z
【閲覧注意】深夜のリョ〇ゲー【Under Party/にじさんじ/月ノ美兎】,291054,8345,95,2021-01-22T17:04:36Z
【セルフぷちさんじ】漫画動画つくる【にじさんじ/月ノ美兎】,328219,8886,55,2021-01-21T16:21:43Z
ポケモン世界の住人からのお気持ちになります【にじさんじ/月ノ美兎/樋口楓/卯月コウ/ジョー・力一】,332971,14107,101,2021-01-19T13:28:50Z
【シャニマス】楓と美兎とアイドルたちの席順を決める妄想配信【にじさんじ/月ノ美兎/樋口楓】,172056,7006,32,2021-01-16T14:33:21Z
【Minecraft】#マイクラ腕試し 本戦ィ！！【にじさんじ/月ノ美兎】,142179,4716,46,2021-01-15T11:17:54Z
突如転がり込んできた美少女忍者、俺のこと好きらしいｗ【NinNinDays/にじさんじ/月ノ美兎】,195909,6788,46,2021-01-14T14:24:03Z
既読が付く前に取り消せ！誤爆撤回チキンレース【月ノ美兎 VS 剣持刀也 /にじさんじ】,2291621,83834,882,2021-01-11T10:00:27Z
【シャニマス】わたくしも海に出るつもりじゃなかったし【月ノ美兎/にじさんじ】,229946,7147,92,2021-01-09T10:56:22Z
色褪せた世紀末を散歩しながら雑談する【Skyrim/にじさんじ/月ノ美兎】,307182,10587,92,2021-01-03T14:36:31Z
設定ミスってVR配信になった動画,675026,17272,178,2021-01-03T13:21:18Z
年またぎにじさんじ同時視聴しながら年越し配信！【にじさんじ/月ノ美兎/リゼ・ヘルエスタ】,336651,11443,65,2020-12-31T16:39:04Z
ねんま…「その口塞いでやるよ…」…ｯ!…チュボボ……【にじさんじ/月ノ美兎】,331213,11545,62,2020-12-30T16:14:26Z
【本戦Cリーグ→】＃マリカにじさんじ杯 いくわよ 【にじさんじ/月ノ美兎】【にじさんじ/月ノ美兎】,128874,5195,34,2020-12-26T08:16:27Z
リスナーの鬱には鬱アニメ曲縛り歌枠をぶつけんだよ【にじさんじ/月ノ美兎】,300215,15616,57,2020-12-24T15:21:38Z
【カプとれ】美兎、アームに捕まれろ【にじさんじ/月ノ美兎】,210546,7513,45,2020-12-20T12:15:35Z
【Cグループ】＃マリカにじさんじ杯 がんばる 【にじさんじ/月ノ美兎】,214123,7909,43,2020-12-19T06:57:11Z
【マリオカート8DX】俺はどの視聴者よりも速いし途中からリゼと健屋も来る【にじさんじ/月ノ美兎】,307213,7598,61,2020-12-17T16:06:59Z
【#にじホロ宇宙人狼】宇宙空間でフルパワーの交流する【Among us/にじさんじ/月ノ美兎】,317299,12260,124,2020-12-16T11:48:28Z
【マリオカート8DX】どの視聴者よりも、俺は、早い。【にじさんじ/月ノ美兎】,199690,6276,51,2020-12-13T04:59:41Z
情緒不安定になってしまった月ノ美兎まとめ【よりぬき美兎ちゃん/切り抜き/にじさんじ】,296320,11449,43,2020-12-12T09:00:12Z
【Among Us】1 0 人 宇 宙 人 狼【にじさんじ/月ノ美兎】,305000,7488,191,2020-12-07T18:44:46Z
【minecraft】#マイクラ腕試し_にじさんじ杯  予選B組【月ノ美兎/にじさんじ】,219204,6173,65,2020-12-06T10:42:47Z
着替え中に忍び寄る影を察知できないくノ一がいるらしい【NinNinDays/にじさんじ/月ノ美兎】,231975,7045,50,2020-12-05T16:19:16Z
出禁されたらゲームオーバー！メイドと”繋がる”ゲーム【メイドさんと繋がりたい】【にじさんじ/月ノ美兎】,302985,8911,85,2020-11-29T17:32:21Z
【雑談にじ3D】ボイトレしたりロリータ服で街歩いた話する【にじさんじ/月ノ美兎】,212804,8033,51,2020-11-27T15:50:14Z
マイクラにじ鯖、美兎とリゼで冒険するぜ【にじさんじ/Minecraft/月ノ美兎/リゼ・ヘルエスタ】,188744,7398,72,2020-11-24T15:24:31Z
【新作桃鉄】月ノ美兎、土地を買い占める【にじさんじ】,204511,6393,177,2020-11-23T15:41:56Z
抜け出せ修羅場のループ【元カノは友達だから問題ない】【にじさんじ/月ノ美兎】,173859,5321,47,2020-11-21T06:35:43Z
スワイプしたらたまたま目に入ってきただけなのでセーフ【元カノは友達だから問題ない】【にじさんじ/月ノ美兎】,476148,9246,124,2020-11-19T16:04:07Z
【マイクラ】共有図書館に安価SS寄贈する【にじさんじ/月ノ美兎/Minecraft】,201417,7966,55,2020-11-18T14:54:58Z
【報い】山奥の宿に閉じ込められた話する【にじさんじ/月ノ美兎】,216815,8440,69,2020-11-12T13:22:51Z
【Fall Guys】シーズン２たべる【にじさんじ/月ノ美兎】,173889,6216,64,2020-11-08T07:29:58Z
多額の金銭でVtuberの命を救うゲームやる【お前のスパチャで世界を救え/にじさんじ/月ノ美兎】,413294,11441,121,2020-11-04T15:52:38Z
ヌン！液タブでライバーをいっぱい描くわよ【にじさんじ/月ノ美兎】,455875,10863,106,2020-10-30T20:31:16Z
【雑談】アイマスの案件を受けたり革命家と話した【にじさんじ/月ノ美兎】,207923,8120,103,2020-10-28T13:24:07Z
にじ×マジ  ~絶対にDLしないライバーVS絶対DLさせるライバー~,296380,10774,230,2020-10-25T12:57:01Z
楓と美兎でリズム天国に昇る【にじさんじ/月ノ美兎/樋口楓】,308159,9595,122,2020-10-20T14:21:29Z
【#にじ宇宙人狼】深夜に裏切り者を探す会【にじさんじ/月ノ美兎】,293151,7783,98,2020-10-17T18:14:19Z
メジャーデビューから歌手を知った人が最初に見る光景,245198,17414,35,2020-10-17T09:43:35Z
家から満身創痍の女騎士が召喚されてくる恋愛ゲームやる #2【くっころでいず/にじさんじ/月ノ美兎】【にじさんじ/月ノ美兎】,235546,7354,59,2020-10-13T14:10:00Z
月ノ美兎「それゆけ！学級委員長」MV,1892359,65584,352,2020-10-07T09:01:13Z
【#にじ宇宙人狼】疑い合い、はじめました【Among US/月ノ美兎】,318448,8757,134,2020-10-05T14:31:30Z
【新髪型お披露目】念願のポニーテール！！！！【にじさんじ/月ノ美兎】,191456,8762,89,2020-09-28T15:34:08Z
【マイクラ肝試し2020…？】 JK組タイムスリップで肝試し編【にじさんじ / 月ノ美兎視点】,144396,4715,58,2020-09-27T15:43:13Z
【マイクラ肝試し2020】 JK組・七不思議を見つけよう編【にじさんじ / 月ノ美兎視点】,202315,5349,79,2020-09-26T16:59:22Z
【マイクラ肝試し2020】 JK組・肝試し編【にじさんじ / 月ノ美兎視点】,224756,7179,67,2020-09-25T15:04:10Z
【マイクラ肝試し2020】 JK組・屋台お廻り編【にじさんじ / 月ノ美兎視点】,210467,6245,81,2020-09-25T13:13:49Z
輪!Moon!dass!cry! / coverd by JK組（月ノ美兎・樋口楓・静凛）,1097449,37523,118,2020-09-25T11:00:11Z
月ノ美兎・爆誕SP2020【ヨーロッパ企画実況・Wiki閲覧・凸待ち】,622537,22668,177,2020-09-24T17:10:32Z
推しの夢を見たいあまり浮島ハゲになってしまったやべーやつ【切り抜き/月ノ美兎/にじさんじ】,129949,5218,28,2020-09-22T13:00:12Z
「夢で見た月ノ美兎」の目撃情報をお伝えします,219580,9672,91,2020-09-21T13:12:01Z
【雑談】新衣装の差分とか百物語含む最近の話とかの段,211845,9193,58,2020-09-16T14:32:24Z
【#帰れない百物語】100個怖い話するまで帰れない2020【月ノ美兎/にじさんじ】,1902848,46718,559,2020-09-12T22:04:59Z
NO DATA.20200913,396302,18099,85,2020-09-11T09:00:17Z
【60万人耐久】チャンネル権限を巡って戦う【月ノ美兎】,345412,16628,246,2020-09-07T13:35:25Z
【キャラリレー】月ノ美兎、声真似生主への第一歩【Fall Guys】,322636,15845,1449,2020-09-01T14:14:07Z
♡　や　っ　た　ぁ　雑　談　♡,168227,7089,29,2020-08-26T13:25:47Z
【minecraft】お祭り行く〜ッ！！【にじさんじ鯖夏祭り2020/月ノ美兎】,366484,10671,64,2020-08-22T13:34:05Z
よりぬき美兎ちゃん 咆哮編【4分】,528872,18218,61,2020-08-21T12:45:38Z
やさしい世界　【Fall Guys】【にじさんじ / 月ノ美兎】,434642,10806,163,2020-08-18T16:12:42Z
おかめ仮面倒しに行く【影廊 -Shadow Corridor-/月ノ美兎/にじさんじ】,216080,5436,98,2020-08-15T16:00:41Z
ヤバいバーチャル新施設いった動画・世界規模の宝探し話【体験レポ/にじさんじ/月ノ美兎】,154367,5732,49,2020-08-12T13:14:56Z
【凸待ち】にじさんじライバーの念能力を予想する会【にじさんじ/月ノ美兎/社築】,550126,18676,378,2020-08-11T14:50:37Z
健全なギャルゲーです。【ときめきメモリアル2/月ノ美兎/にじさんじ】,248766,5021,73,2020-08-08T09:50:49Z
多くの人生を狂わせた伝説のギャルゲーやる【ときめきメモリアル2/にじさんじ/月ノ美兎】,205181,4813,67,2020-08-07T14:44:23Z
話お～～～～ん！！！！【今後の企画とか別の話とか/にじさんじ】,159201,5728,39,2020-08-05T13:15:36Z
世界一怖い電車を見ましょう【幽霊列車】【にじさんじ/月ノ美兎】,163479,4806,56,2020-08-04T13:46:10Z
惡の華ED「花 -a last flower-」(全部美兎)OFF KARAOKE,305966,11448,105,2020-08-02T11:09:14Z
夏だしクセのありそうな乙女ゲームでもやるか…【にじさんじ/月ノ美兎】,144431,5276,50,2020-08-01T14:05:17Z
チュルリラ・チュルリラ・ダッダッダ！／和田たけあき(くらげP) coverd by 月ノ美兎,1675158,53774,340,2020-07-31T11:00:10Z
灯織を初P、そして「W.I.N.G.」最終回へ【シャニマス/月ノ美兎/にじさんじ】,221339,6203,279,2020-07-29T15:30:26Z
【夜廻】激かわホラゲ最後まで突っ走る #最終回【月ノ美兎/にじさんじ】,136384,4323,38,2020-07-28T13:55:27Z
全国股間オープン模試 supported by デリケアエムズ,329297,14361,92,2020-07-27T13:13:00Z
出不精が推奨される時代にせめて燃焼する【リングフィットアドベンチャー】,204829,6420,60,2020-07-25T05:09:29Z
【告知あり！】雑談とかをするよ～～～ッ！！！【月ノ美兎/にじさんじ】,248639,9491,113,2020-07-22T14:26:35Z
あまりに陰鬱な世界観で社畜を導くゲームやる【月ノ美兎/Mosaic/にじさんじ 】,320688,7023,168,2020-07-21T15:49:50Z
ミスったらリョナゲーになるらしいけどミスらないからリョナりません【やばたにえん/月ノ美兎/にじさんじ】,335773,6771,198,2020-07-20T14:27:32Z
Face App つきのみと,1914939,60129,541,2020-07-17T11:30:13Z
島全土が巨大迷路！計算され尽くされたアスレチック島に訪問【あつ森/あつまれどうぶつの森/月ノ美兎】,450698,11130,240,2020-07-15T12:00:12Z
【#かえみとがびと】アソビ大全でたたかえーッ！！【にじさんじ】,368506,14321,129,2020-07-14T15:29:32Z
ニコニコ時報、月ノ美兎が乗っ取りました！！,218189,10593,57,2020-07-12T03:00:09Z
誰でもサクサクプレイ可能なホラゲーと聞いて【つぐのひ~幽闇の並葬電車~&~囁く玩具の家~】,293664,7419,89,2020-07-09T13:06:42Z
創作料理「罪」つくってみた,1233460,46750,340,2020-07-08T11:00:01Z
なんでもかんでも戦わせられるあほあほAI見つけた【にじさんじ/月ノ美兎】,181905,5292,69,2020-07-06T14:17:11Z
「私に刺さりそうな島」をあつ森で募集したら凄かった【月ノ美兎/にじさんじ 】,292065,7543,95,2020-07-05T08:14:47Z
やられちゃった女の子 / 月ノ美兎 (cover),179390,9746,54,2020-07-04T11:00:13Z
あつ森の「住人全員が幸福な島」が色んな意味でヤバい…！【島紹介/月ノ美兎/にじさんじ】,1262681,27872,503,2020-07-03T11:00:12Z
【GO HOME完全版】オフで独特すぎるセンスのホラゲーを２人プレイ！【月ノ美兎/リゼ・ヘルエスタ/にじさんじ】,877420,16047,247,2020-07-01T15:08:05Z
【シャニマス】ノクチルの初イベント「天塵」を読んでいく！！【月ノ美兎/にじさんじ】,198834,4788,51,2020-06-30T18:35:15Z
【現代の二宮金次郎】有栖川夏葉さんを初プロデュース！シャニマス！【月ノ美兎/にじさんじ】,169912,4433,101,2020-06-29T15:21:23Z
真夜中のウィスパーボイス縛り歌枠（ウクレレもいるよ！）【にじさんじ/月ノ美兎】,261587,10365,52,2020-06-26T15:46:46Z
【魔女の家/最終回】魔女宅から脱出するまでやる！【月ノ美兎/にじさんじ】,153547,4544,43,2020-06-25T14:00:10Z
【魔女の家】夏なので魔女宅に不法侵入します【月ノ美兎/にじさんじ】,196641,5230,51,2020-06-24T13:40:11Z
【行方不明】探偵になって失踪した子供を探すホラゲーやる【にじさんじ/月ノ美兎】,222799,5641,53,2020-06-19T15:00:56Z
【最終回】アニメ『かくしごと』同時視聴ッ!!!【にじさんじ/月ノ美兎】,53851,1814,26,2020-06-18T15:45:53Z
昔とあるCMに出た時の話など【雑談】,152464,5381,47,2020-06-17T13:18:23Z
樋口円香を初プロデュース with 樋口楓【シャニマス/月ノ美兎】,407529,11923,139,2020-06-14T07:22:32Z
ついに激写された大物ミュージシャンとと月ノ美兎【あつ森実況】,149713,4383,60,2020-06-13T04:51:07Z
【シャニマス】田中摩美々さんをプロデュースする【にじさんじ/月ノ美兎】,241666,4934,110,2020-06-11T15:56:50Z
あつ森に結婚イベントってマジ？たぬきガチ恋勢として本気出します,173738,4538,79,2020-06-09T04:52:34Z
霧子「咲耶さん…リンゴさん…虫さん…月ノ…イカさん…」【シャニマス/月ノ】,182737,5505,277,2020-06-08T15:43:28Z
画力がモノを言うゲームでおまいらとプロレスしまくる【おえかきの森】【月ノ美兎/にじさんじ】,141939,4373,37,2020-06-07T04:24:46Z
【シャニマス】果穂ちゃんっていうの？ふーん…かわいいね…【月ノ美兎/にじさんじ】,302239,7412,580,2020-05-31T06:38:10Z
無駄に○○○な脱出ゲームをクリアするまで終わらない,345218,8952,126,2020-05-29T23:07:00Z
【シャニマス】感謝祭初見！ストレイライトで挑戦【月ノ美兎/にじさんじ】,213087,4927,80,2020-05-27T15:13:09Z
【話】【話】( ^ω^ )【話】【話】,299123,14807,298,2020-05-26T13:17:56Z
【話】【話】( ^ω^ )【話】【話】,97327,4042,54,2020-05-26T12:09:22Z
【シャニマス】トロイメライとチエルアルコでめぐるさんを知る【月ノ美兎/にじさんじ】,257634,5191,84,2020-05-24T08:59:37Z
【シャニマス】和泉愛依とゥチらまぢ最強卍になる【月ノ美兎/にじさんじ】,225089,5997,189,2020-05-23T07:29:58Z
【シャニマス】VS 冬優子さん回【月ノ美兎/にじさんじ】,175889,3929,42,2020-05-21T16:25:44Z
『現実世界に介入してくるRPG』が怖すぎて面白い【OneShot】#1,223717,6416,57,2020-05-19T14:30:14Z
【シャニマス】凛世さんをプロデュースする回【月ノ美兎/にじさんじ】,276500,5846,155,2020-05-17T15:38:33Z
健全な脱出ゲームやろうとしたらBANされた,178931,4998,39,2020-05-17T01:42:11Z
ディズニーで発生する「緊急事態」ヤバ度ランキング,255382,16256,69,2020-05-16T11:00:13Z
Youtubeくん…。これ、あたしの本当の気持ち。,411457,19638,129,2020-05-15T12:56:15Z
シャニマス界のローランド(?)水着の白瀬咲耶さんをプロデュース【月ノ美兎/にじさんじ】,310157,6973,178,2020-05-11T16:56:59Z
【シャニマス】桑山千雪を知ろう。【月ノ美兎/にじさんじ】,288815,5627,102,2020-05-08T17:50:02Z
【にじさんじ/みかえる】アニメ『かくしごと』6話 同時視聴＆あらすじ振り返り,47306,1960,19,2020-05-07T15:36:16Z
【シャニマス】浅倉透の年齢は？財布がないって本当？調べてみた！【月ノ美兎/にじさんじ】,390966,6643,82,2020-05-05T08:35:07Z
話したいことはあるか？,260095,6687,61,2020-05-04T15:33:36Z
【シャニマス】全ての道はTureに通ず【月ノ美兎/にじさんじ】,209632,4032,45,2020-05-01T16:27:38Z
【シャニマス】全ての道はTureに通ず【月ノ美兎/にじさんじ】,159696,3523,40,2020-05-01T13:16:24Z
【シャニマス】アイドルを1から育成し続ける女【月ノ美兎/にじさんじ】,298857,5503,84,2020-04-29T16:39:29Z
和やかゲームと称して後輩を遺体防腐の仕事に誘ってみた【にじさんじ】,648995,19630,86,2020-04-27T14:30:12Z
【シャニマス】美白美肌は言い訳じゃいオラァンッ゛!!!!!!!【月ノ美兎/にじさんじ】,330978,6822,92,2020-04-25T16:26:19Z
シャニマス新人Pと新グループの人【月ノ美兎/にじさんじ】,342798,6307,74,2020-04-22T16:08:13Z
つきのみと没カット集,3372505,88299,1252,2020-04-20T13:00:13Z
"やりますよ""シャニマス""を【月ノ美兎/にじさんじ】",355740,6923,81,2020-04-19T15:20:52Z
【緊急】50万人のみんなへありがとう！集合ッ！【話そう】,209937,11460,73,2020-04-18T13:02:26Z
"【初見】""シャニマス""ってゲームをやろうと思うんだ【月ノ美兎/にじさんじ】",627044,12805,248,2020-04-17T17:52:54Z
【麻雀】決勝前に倒しちゃってすまん…💦【じゃんたま/月ノ美兎/にじさんじ】,86814,2487,37,2020-04-16T13:36:57Z
ドット絵ほのぼのギャルゲーだと思ったら闇が深かった,948914,18520,333,2020-04-15T11:00:14Z
【雀魂/#にじさんじ最強雀士決定戦】G卓のジャンキ〜になるんやワイは【月ノ美兎/にじさんじ】,110194,2034,36,2020-04-12T10:19:41Z
【麻雀】ワイがライバー１の雀鬼や【じゃんたま/月ノ美兎/にじさんじ】,105576,2828,58,2020-04-11T14:54:16Z
なぜか島が殺伐として来たんだが…【あつまれどうぶつの森/月ノ美兎/にじさんじ 】,206725,4215,87,2020-04-08T15:13:17Z
【視聴者参加型】月ノ美兎のミラクル麻雀を見よ【雀魂/にじさんじ】,136455,3509,66,2020-04-08T04:57:22Z
////,223006,5913,56,2020-04-07T14:37:04Z
花見会場にゴッディーラ参戦【あつまれどうぶつの森/月ノ美兎/にじさんじ 】,170918,3304,72,2020-04-07T06:28:39Z
Moon‼ full ver. / 月ノ美兎 【新3D衣装お披露目/オリジナルソング】,610944,31957,175,2020-04-04T14:00:11Z
アニメ『かくしごと』第1話  同時視聴 ＆ 原作未読組とおはなし！【にじさんじ/月ノ美兎/シスタークレア/社築/郡道美玲】,110124,3345,38,2020-04-02T15:47:56Z
エイプリルフールだけど普通に運動するゲームしよう！【月ノ美兎/にじさんじ】,819393,23738,149,2020-04-01T14:21:06Z
【あつまれどうぶつの森】新入りへの洗礼【 月ノ美兎/にじさんじ 】,205803,3960,51,2020-03-28T05:20:24Z
【あつまれどうぶつの森】森の闇は作り出すもの【 月ノ美兎/にじさんじ 】,287340,4994,119,2020-03-27T06:23:04Z
デレステでガチャをたくさん引いて松尾千鶴さんSSRお迎えいたす【月ノ美兎/にじさんじ】,145096,3797,62,2020-03-25T14:41:12Z
【あつまれどうぶつの森】わたくしの支援でパパが開業した【 月ノ美兎/にじさんじ 】,257320,5169,98,2020-03-25T06:35:10Z
【あつまれどうぶつの森】借金返済、したいんだなもね？【 月ノ美兎/にじさんじ 】,245801,4914,82,2020-03-24T05:18:37Z
【あつまれどうぶつの森】 夜　の　獣 【 月ノ美兎/にじさんじ 】,293854,5714,119,2020-03-22T14:22:21Z
キマった世界観で美女が尻相撲する神ゲー【スーパーギャルデリックアワー】,165724,5070,49,2020-03-20T13:36:52Z
【最終回】まともにプレイしないとナレーションにキレ散らかされるゲーム【ICEY】,168200,4293,71,2020-03-16T15:46:33Z
まともにプレイしないとナレーションにキレ散らかされるゲーム【ICEY】,329383,7518,192,2020-03-15T14:23:29Z
買い出し行ってきたよ〜,304575,8334,100,2020-03-09T13:39:00Z
【ミトとカエデ】ミトちゃんオーディションの巻/1-2-Switchの巻【楓と美兎】,195641,6460,55,2020-03-02T14:27:29Z
専門家の元で食事を４日間抜いてみた,318275,8862,96,2020-03-01T13:29:08Z
世界一怖いコンビニ・バイトを見ましょう【夜勤事件】【にじさんじ/月ノ美兎】,477820,9496,154,2020-02-25T13:50:14Z
究極のドロドロ恋愛ゲームでハーレムエンド目指す【School Days/最終回】【月ノ美兎/にじさんじ】,244363,6076,67,2020-02-24T14:20:42Z
約5分でわかるドロドロすぎたギャルゲー実況【School Days】【月ノ美兎/にじさんじ】,167989,5810,27,2020-02-21T11:00:11Z
【は】は【は】,223209,7324,64,2020-02-18T13:22:23Z
School Daysを最後までプレイする月ノ美兎【ほのぼのギャルゲー最終回】【にじさんじ】,241869,6005,67,2020-02-12T14:39:04Z
伝説的ほのぼのギャルゲーを実況プレイする月ノ美兎【School Days L×H 】【にじさんじ】,314670,7762,79,2020-02-11T14:13:23Z
【絶体絶命都市2】狂人達が災害から逃げ惑うカオスゲー【にじさんじ/月ノ美兎】,228958,4320,127,2020-02-09T08:42:06Z
あなたのインターネットはどこから？,263527,8700,86,2020-02-08T14:50:44Z
【#しのごの】楽曲制作第1弾！みんなでしのごの作曲に参加しよう！【にじさんじ/月ノ美兎】,145275,5213,716,2020-02-06T14:22:18Z
おっ◯い見たら千円募金するぎゃる☆がん実況  ~◯っぱいで救える命がある~【千円ボイン】,221006,6145,83,2020-02-04T15:20:33Z
【SIREN初見/最終回】最恐ジャパニーズホラゲーのラストを見届ける【にじさんじ】,156908,4371,100,2020-02-03T12:55:38Z
【絶体絶命都市2】殺人鬼が災害から逃げ惑うカオスゲー【にじさんじ/月ノ美兎】,183454,3399,72,2020-02-02T06:19:57Z
【絶体絶命都市2】災害と選択肢でカオスと化した都市【にじさんじ/月ノ美兎】,313362,5544,120,2020-02-01T09:32:46Z
【Minecraft】何もかもが分からなくなってきたので救済【にじさんじ/月ノ美兎】,168020,4238,32,2020-01-31T15:17:38Z
最下位とったら歯医者予約(制限時間有) 【マリオカート8DX】【月ノ美兎/にじさんじ】,134581,4843,64,2020-01-30T12:44:23Z
今日もワンデイ…,205102,5783,52,2020-01-28T14:25:53Z
【Minecraft】おっきめのカエデを作るぜ！【にじさんじ/月ノ美兎】,162390,5179,61,2020-01-24T14:33:42Z
【Minecraft】おっきめのミトとカエデを作るぜ！【にじさんじ/月ノ美兎】,295103,7390,91,2020-01-21T15:20:32Z
エヴァ公式ゲームのk…バカゲーを実況【名探偵エヴァンゲリオン】,413526,7835,104,2020-01-20T15:55:05Z
ど〜する！？,265176,7215,83,2020-01-19T14:20:24Z
【SIREN初見】最恐ジャパニーズホラゲーの難易度がヤバイ#6【にじさんじ】,197543,4199,69,2020-01-19T08:25:31Z
【SIREN初見】最恐ジャパニーズホラゲーから逃げるな#5【にじさんじ】,193464,4557,75,2020-01-18T15:33:20Z
女性がマウスと戯れて踊る謎の激ムズゲー耐久【ヨーロッパ企画/マウスダンスレボリューション】,126399,4423,48,2020-01-16T14:22:33Z
【クレーンゲーム】ドローンとか空気砲とかぬいぐるみとか手に入れたい！【にじさんじ/月ノ美兎】,199588,5076,107,2020-01-15T12:48:51Z
【デレステ】初見の曲とわたくしを解放する_わたくしは音ゲーがうまい【にじさんじ/月ノ美兎】,260208,5914,82,2020-01-14T15:23:17Z
【SIREN初見】最恐ジャパニーズホラゲーから逃げるな#4【にじさんじ】,207337,4677,70,2020-01-13T07:29:03Z
【SIREN初見】最恐ジャパニーズホラゲー2人ならきっとできる#3【にじさんじ】,340335,7474,109,2020-01-12T12:29:57Z
むむっ！インターネットの匂いw,275872,7238,71,2020-01-09T13:36:06Z
【Minecraft】にじさんじ王国を旅しながらしゃべるんだ【風来のJK組】,306454,7717,90,2020-01-08T15:45:00Z
奇(跡的な神)ゲーやる【名探偵コンナンくん in インド】,185929,5838,93,2020-01-07T13:13:56Z
【SIREN初見】最恐ジャパニーズホラーゲームたのしい#2【月ノ美兎/にじさんじ】,257847,5824,100,2020-01-06T15:11:41Z
【SIREN初見】最恐ジャパニーズホラーゲームやる【月ノ美兎/にじさんじ】,565296,9325,218,2020-01-04T10:09:05Z
新年なのでいまから時空を歪めます,363925,13903,119,2020-01-02T13:45:44Z
ねんま…（その口塞いでやるよ…）…!?…チュ…ッ…///,307712,8028,62,2019-12-31T14:03:30Z
わたくしの”カノジョたち”に約10年ぶりに再会する【ラブプラスevery】,318892,7213,113,2019-12-29T10:09:48Z
マ、マウッイ〜(＞＜),142530,4517,30,2019-12-26T14:24:43Z
海に落とされないように歌う配信【クリスマス】,240488,9945,84,2019-12-25T12:34:45Z
走らすにぃ〜＾＾｜にじさんじ杯Eリーグ予選 月ノ美兎の視点【にじさんじ】,308286,6556,81,2019-12-21T17:28:06Z
知らない人との通話でも本気出せば完全特定できてしまう説【斎藤さん】,162442,9507,49,2019-12-18T11:00:02Z
ハワイから失礼！JK組です！,219431,8518,107,2019-12-17T13:40:30Z
【ネストボール級】ネタパしかいない最下層ランクがあるってマジ？【ポケットモンスターソードシールド】【にじさんじ/月ノ美兎】,1075328,20642,1010,2019-12-15T11:00:12Z
"【視聴者参加型】マリカ8DXでさ…""やる""よ？わたくしは…",118671,2123,35,2019-12-14T10:04:01Z
「プリっ…w」,215243,5911,71,2019-12-13T14:33:05Z
リスナーから届いたトンデモ家具を開封する,256936,7153,79,2019-12-11T14:13:20Z
喜多見柚SSR引くまで眠れないガチャ【月ノ美兎withリゼ皇女】,521647,13826,219,2019-12-09T16:24:36Z
丸呑みフェチ御用達のお店に行ったことなどを,296812,7874,84,2019-12-06T15:19:17Z
【ポケットモンスターソードシールド】ガチダブルバトルいくぜ【月ノ美兎/本間ノ葛也】,126599,3497,296,2019-12-05T15:37:29Z
バーチャルユーチューバーだけど彼氏と子供できました,180872,9761,114,2019-12-03T10:00:12Z
最終回！迫り来る嵐【ライフイズストレンジ/Life is strange】,150717,5700,113,2019-12-02T14:57:09Z
ここまでゴリゴリの百合ゲーだとは思ってなかった【ライフイズストレンジ/LIFE IS STRANGE】,222838,4487,74,2019-12-01T09:07:20Z
ゴリゴリのスクールカーストを感じろ【ライフイズストレンジ/LIFE IS STRANGE】,218547,4588,102,2019-11-30T11:18:43Z
選択肢だらけの人生、もし選び直せるのなら【ライフイズストレンジ/LIFE IS STRANGE】,241528,5139,83,2019-11-28T15:18:19Z
【本間ノ葛也】リスナーからもらうポケモンでバトルだぜ！,150552,3889,222,2019-11-22T14:49:07Z
【ポケモン シールド】最後のバッヂ~ストーリー編最終回！目指せマスポケ！【にじさんじ/月ノ美兎】,306150,5292,155,2019-11-20T16:42:02Z
【斎藤さん】リングフィットしながら知らない人と通話したらヤバい人になれた,370050,16818,113,2019-11-19T12:30:09Z
【ポケモン シールド】バッチ5個目からおおおじゃいじゃいじゃい！！！！！【にじさんじ/月ノ美兎】,285610,4504,112,2019-11-18T15:44:45Z
【ポケモン シールド】容姿端麗！頭脳明晰！ポケモンマスター！【にじさんじ/月ノ美兎】,565711,7307,219,2019-11-17T13:03:31Z
★初心者歓迎★月ノ美兎ちゃん限定なりきりチャット★Free Chat★,0,12918,3,2019-11-13T00:31:45Z
加藤浩次氏の結婚のきっかけでありバカゲー界の金字塔【鈴木爆発】,171937,5384,107,2019-11-12T13:00:36Z
バーチャルユーチューバーが不審者に凸されてしまった話,417840,23663,107,2019-11-11T12:00:12Z
【本間ノ葛也】瞬時にルールを理解しまくれ！【PUMMEL PARTY】,286724,9277,248,2019-11-10T14:11:33Z
音ゲーをゲームキャラが自分で実況プレイする【グルーヴコースターワイワイパーティー!!!!】,200861,6322,54,2019-11-08T13:39:20Z
わぬ！わふっ・・・,196176,6327,54,2019-11-05T14:53:49Z
【5分でわかる】清楚委員長 VS ドスケベ忍者両奈【閃乱カグラ】,144960,6470,28,2019-11-04T12:30:11Z
ピンボールがやりたくてこのゲームを選びました（大嘘）,215287,6242,57,2019-11-01T12:56:39Z
肉体を強化せし【リングフィットアドベンチャー】,324351,7918,141,2019-10-31T12:38:22Z
月ノ美兎の声真似を募集した結果・・・,849612,18794,163,2019-10-29T12:38:26Z
【伝説】月ノ美兎 泣ける名言集,277066,13282,107,2019-10-28T13:00:08Z
【新3Dで】本物の月ノ美兎に投票しろ！【#3DJK組リレー】,205196,8815,74,2019-10-25T10:39:04Z
【#3】２万で購入した謎のバカゲー実況・完結【クッキングファイター好】,127483,4189,39,2019-10-24T13:22:03Z
【#2】出品者に騙されて２万円で買ったバカゲー実況【クッキングファイター好】,171625,5036,46,2019-10-22T12:54:00Z
楓と美兎 ~休日編~,426420,9688,105,2019-10-20T10:06:15Z
家族でやりあうぞの人狼【#にじさんじんろう】,154927,4113,72,2019-10-18T16:30:35Z
【#1】謎に高額なバカゲーの正体を探る【クッキングファイター好】,316940,7938,117,2019-10-16T12:50:12Z
2次元女とおはなしするプク,245027,6909,78,2019-10-14T12:55:45Z
【最終回】いやこれ何ゲーだよ 【アンティルドーン/UNTIL DAWN#5】,171910,4103,101,2019-10-11T13:16:54Z
みゃ〜,221569,7180,82,2019-10-07T13:07:43Z
究極の選択肢、あなたならどうする？ 【アンティルドーン/UNTIL DAWN# 4】,155464,3704,61,2019-10-04T12:58:10Z
【5分まとめ】これがテラスハウスちゃんですか【UNTIL DAWN】#1,189999,5438,27,2019-09-30T15:30:13Z
この夜、誰かが死ぬ #2【アンティルドーン/UNTIL DAWN】,148811,3935,41,2019-09-29T14:34:25Z
月ノ美兎・爆誕スペシャル【ヨーロッパ企画実況・寿命公開・凸待ち】,579672,17149,287,2019-09-24T16:01:07Z
女の子と向かい合って話すピュアな店【ドリームクラブgogo #2】,147626,4170,56,2019-09-09T14:12:42Z
【癒し】私と一緒にお話しましょう♪【雑談】,260626,13199,195,2019-09-05T14:19:02Z
百個怖い話言うまで帰れない放送2019【後半】,549978,13408,431,2019-08-31T23:27:57Z
【新・アイドル衣装】うたう月ノ美兎【お披露目放送】,181458,8579,265,2019-08-29T14:16:33Z
うそつき - 月ノ美兎 cover,638891,19310,135,2019-08-27T14:00:11Z
よりぬき美兎ちゃん デトロイト編【10分ちょっと】,780119,15610,128,2019-08-23T09:00:10Z
夏休みの宿題みてこうね,216693,7617,71,2019-08-20T14:19:15Z
［【《『「」』》】］,269489,7073,90,2019-08-09T13:54:30Z
ラストまで突っ走るアンドロイド【Detroit: Become Human #最終回】,280138,7031,344,2019-08-05T15:02:53Z
【Project Winter】犯人はこの中の２人【雪山人狼】,225006,5755,69,2019-08-02T15:32:35Z
実質ギャルゲー【Detroit: Become Human #5】,222171,4538,103,2019-08-01T15:29:00Z
全員悪人【Detroit: Become Human #3】,235044,4948,141,2019-07-27T15:19:42Z
プラスチックさんこめかみ真っ赤で草【Detroit: Become Human #2】,235237,5355,149,2019-07-25T12:21:48Z
超絶マルチエンディングゲーム・デトロイト実況【Detroit: Become Human】,386949,7794,222,2019-07-23T15:17:57Z
人生初・海外行ったから感想聞いてくれ会【in 上海】,193576,6613,117,2019-07-22T14:02:16Z
【歌ってみた】さらばかゆみ with 剣持【股間戦士エムズーン】,239088,11056,55,2019-07-16T06:27:02Z
もう知らん,204159,7352,125,2019-07-13T13:51:31Z
おばけ倒したるわ 最終回【OUTLAST実況配信】,109677,3643,47,2019-07-10T13:38:22Z
いいや喋るね,215952,6572,97,2019-07-09T14:38:41Z
ASMRになりたい女たち【イヤホンorヘッドホン着用推奨】,525317,18712,465,2019-07-07T14:21:11Z
【デレステ】己を開放する時がきた,211249,6042,98,2019-06-28T14:48:46Z
ギャンブル体験談(フィクション)と一発芸練習,169267,5309,73,2019-06-25T11:35:36Z
股間大学オープンキャンパス特別授業生放送 supported by デリケアエムズ,213602,10033,120,2019-06-20T12:29:16Z
四角い楓と美兎【マインクラフト編】,164276,4544,65,2019-06-19T15:44:01Z
【ホラー実況】OUTLASTから逃げるな【#5】,121661,4016,47,2019-06-19T13:03:20Z
【GTA5】はじめてのコンビニ強盗【フリーモード】,383398,7333,143,2019-06-15T12:58:58Z
【楓と美兎】ロキ【歌ってみた】,2546320,56603,573,2019-06-10T11:58:47Z
【本物の月ノ美兎に投票しろ！】,134149,8188,50,2019-06-10T11:09:31Z
【伝説のソフト】神ゲーやる【四八(仮)#2-2】,132794,3043,48,2019-06-08T13:14:55Z
フェチ系レイヤーと付き合う謎ゲー,108539,3503,55,2019-06-07T14:19:45Z
【伝説のソフト】神ゲーやる【四八(仮)】,263786,6104,105,2019-06-06T13:54:06Z
トド食ったり宇宙で悟りを開いた話【レポ雑談】,215960,6208,80,2019-06-01T13:58:36Z
【APEX】混沌のJK組【ASMR】,337209,10993,167,2019-05-26T15:33:14Z
バーチャルメイドによる健全リフレ講座【シノビリフレ】,252341,8731,116,2019-05-25T12:49:20Z
JK組で四角いにじさんじ王国を冒険,221991,6589,69,2019-05-22T14:47:44Z
みとちゃんの着衣風呂配信,194709,7830,108,2019-05-17T12:14:22Z
平成に取り残された女,221680,8077,79,2019-05-07T14:23:40Z
生死を賭けた戦いとエロス【レポ雑談】,286954,8079,91,2019-04-22T14:31:24Z
月ノ美兎、〇〇になる！？,107805,4917,77,2019-04-21T07:58:15Z
日本への認識が怪しい洋・奇ゲー【Nippon Marathon】,176505,5092,101,2019-04-17T13:44:37Z
システムが超革新的と噂のゲーム【GOROGOA 後編】,92071,3218,56,2019-04-14T11:26:39Z
システムが超革新的と噂のゲーム【GOROGOA】,174239,4463,102,2019-04-12T14:40:05Z
【月ノ美兎】ネコミミモード/Neko mimi mode【歌ってみた】,339359,11008,140,2019-04-09T12:57:45Z
あいがたりない(feat.中田ヤスタカ)月ノ美兎ソロver.,272030,9572,59,2019-04-05T11:58:11Z
月ノ美兎「」,209753,6207,97,2019-04-05T04:45:36Z
春なのでブリーフ姿の変質者と闘う,213154,6301,72,2019-03-25T13:05:53Z
ギャルゲーで隠れSと噂の委員長と対決する #最終回【アマガミ】,339544,6945,119,2019-03-23T15:04:38Z
ギャルゲーで隠れSと噂の委員長と対決する #6【アマガミ】,254327,4934,84,2019-03-18T14:41:51Z
ギャルゲーで隠れSと噂の委員長と対決する #5【アマガミ】,275680,5084,100,2019-03-15T15:46:19Z
月ノ美兎、自分のツイートを断罪,227645,6106,100,2019-03-09T13:00:50Z
バーチャルユーチューバー、魂のお料理配信,208219,6118,150,2019-03-08T13:05:45Z
にじさんじ初・彼氏持ちVtuber配信,314611,13201,420,2019-03-02T12:10:42Z
【For フルーツバスケット】 cover.月ノ美兎 【試聴動画】,128451,4606,62,2019-02-26T11:00:07Z
ギャルゲーで隠れSと噂の委員長と対決する #4【アマガミ】,370543,7152,118,2019-02-22T14:04:06Z
ギャルゲーで隠れSと噂の委員長と対決する #3【アマガミ】,384900,8097,110,2019-02-19T16:26:23Z
ギャルゲーで隠れSと噂の委員長と対決する #2【アマガミ】,420907,7995,168,2019-02-16T16:30:34Z
ギャルゲーで隠れSと噂の委員長と対決する #1【アマガミ】,478037,10174,357,2019-02-12T14:13:41Z
新衣装コンテスト結果発表！【ファッションショー】,242908,7156,118,2019-02-04T15:05:28Z
0から始める全部四角いゲーム,359287,10312,228,2019-01-17T15:21:28Z
二次元の女子高生としゃべろう,232675,7627,211,2019-01-10T17:39:34Z
楓と美兎~あけましておめでとう~,165343,6522,128,2019-01-01T14:44:47Z
【2018年LAST】にじさんじMIX UP!! アフタートーク【#5】,112276,4684,100,2018-12-27T14:05:49Z
クリスマスイブのお歌配信,423051,14407,229,2018-12-24T15:48:11Z
温泉キマりチャレンジとかの話（嬉しい事後報告もあるよ！）,181530,4864,92,2018-12-21T15:38:08Z
みとうヤッタゼでおしゃべる,134308,4994,116,2018-12-17T11:09:20Z
楓と美兎〜マリカー編〜,181178,5355,98,2018-12-15T10:08:12Z
おばけと闘う月ノ美兎 其の４,174929,5638,134,2018-12-04T13:40:14Z
月ノ美兎の放課後ラジオ #8,541645,11994,181,2018-11-30T15:38:06Z
月ノ美兎の放課後ラジオ #8[イントロ],111154,3748,134,2018-11-30T13:57:22Z
日本が誇る超絶エリートBIG企業との対談in洗濯機,116210,4859,891,2018-11-26T04:49:35Z
おばけと闘う月ノ美兎 其の3,302784,7749,141,2018-11-23T13:09:53Z
納豆から始まる,176545,7747,359,2018-11-16T13:37:46Z
幽霊の話を聞いて欲しい,243899,7322,124,2018-11-09T15:19:29Z
みとちゃんと行く温泉【大乱闘編】,172029,8494,50,2018-11-09T12:28:35Z
月ノ美兎～REALITY～ #7,118258,3741,97,2018-10-28T13:33:17Z
JK組ハロウィン配信,197012,6282,118,2018-10-26T14:53:51Z
月ノ美兎はすげーしゃべる,281983,7077,197,2018-10-19T15:29:27Z
みとちゃんと行く温泉【入浴編】,208144,12275,78,2018-10-18T13:42:51Z
月ノ美兎の放課後ラジオ #７,226475,7915,169,2018-10-08T13:14:28Z
JK組REALITYコラボ,203176,8335,185,2018-09-30T14:02:07Z
誕生日翌日にやるゲームといったらやっぱツッコマニアだよね,290897,3372,201,2018-09-25T11:48:31Z
月ノ美兎～REALITY～ #4,138315,4485,111,2018-09-23T13:43:00Z
みとぽん生放送　月ノ美兎 × ウェザーロイドAiri コラボ生放送 2018.09.20,232887,9532,88,2018-09-20T15:12:49Z
自分の初回放送にツッコミむ動画,377230,8879,500,2018-09-14T14:59:23Z
月ノ美兎の放課後ラジオ #6,276910,8248,195,2018-09-09T14:03:24Z
理想のギャルゲーの話【三物語もあるよ！】,184244,5453,94,2018-09-05T15:22:27Z
百個怖い話言うまで帰れない放送#1【百物語】,598461,13034,454,2018-09-01T20:19:10Z
百個怖い話言うまで帰れない放送#2【百物語】,387357,7925,262,2018-09-01T20:18:46Z
百個怖い話言うまで帰れない放送#3【百物語】,254310,6733,138,2018-09-01T20:17:43Z
わたくし以外ヤ○中の街から逃げるゲーム1【We Happy Few】,176007,3110,107,2018-08-22T17:36:09Z
10分で分かる月ノ美兎 * GO【にじさんじ】,359099,9143,103,2018-08-21T10:40:57Z
月ノ美兎 ~REALITY~ #1,164864,4693,83,2018-08-15T11:57:45Z
月ノ美兎の放課後ラジオ #5,335786,12119,229,2018-08-14T13:04:18Z
【にじさんじJK組】平成最後の夏休み配信,218548,5830,124,2018-08-10T14:29:35Z
シュガーソングとビターステップ OFF(全部美兎),595181,21982,677,2018-07-31T12:31:48Z
電子機器で操作可能な無料遊戯と罰遊戯,297778,12106,703,2018-07-23T12:59:40Z
第一回！みかえるコラボ,542443,11121,392,2018-07-16T10:06:16Z
第一回 ひとり属性別生放送,331582,8146,452,2018-07-10T16:20:28Z
JK組七夕配信【にじさんじJK組】,230611,5812,160,2018-07-06T15:11:16Z
月ノ美兎の放課後ラジオ #4,352091,12938,404,2018-06-30T16:31:17Z
JK組雨宿り配信【月ノ美兎・樋口楓・静凛】,241945,7140,213,2018-06-22T14:14:59Z
楓と美兎～寝落ち耐久配信～,660486,17347,364,2018-06-19T03:32:39Z
月ノ美兎の放課後ラジオ #3,336079,11540,730,2018-06-08T16:01:12Z
自分を知る放送,347978,9200,347,2018-05-29T15:56:11Z
特注ゲームとSUSHI 雑談編（後編）【2018.4.25】,125575,2371,75,2018-05-24T02:23:33Z
特注ゲームとSUSHI ゲーム編（前半）【2018.4.25】,142078,2480,69,2018-05-24T02:23:19Z
月ノ美兎のVR教室生放送,358849,9715,398,2018-05-19T13:22:46Z
突如家にやってきたヨメミちゃんと喋る動画,374035,13768,170,2018-05-16T10:00:03Z
個性派ゲームフェス実況(9) full,382383,11316,276,2018-05-15T14:03:21Z
質問箱からの卒業,344720,8098,191,2018-05-06T19:02:15Z
JK組感想会,300810,8199,210,2018-05-01T19:30:46Z
楓と美兎-後編-(4/28アーカイブ),240416,11757,274,2018-04-28T16:36:46Z
月ノ美兎の放課後ラジオ 30.4.23,715302,18287,414,2018-04-23T13:40:45Z
10分で分かる月ノ美兎 *フォ〜【にじさんじ】,684378,12910,182,2018-04-22T02:47:45Z
【月ノ美兎・樋口楓・静凛】JK組お花見配信【後編】,102282,1802,46,2018-04-20T05:45:52Z
月ノ美兎の公式ニコ生反省会【雑談】,355891,10963,203,2018-04-10T14:03:21Z
かかったな？,376929,10818,190,2018-04-01T06:24:48Z
月ノ美兎の特注ゲーム＆雑談会,416020,7833,210,2018-03-30T16:17:26Z
個性派ゲームフェス実況(8)【原人にトイレットペーパーを食わせる】,194547,3364,70,2018-03-28T14:13:07Z
月ノ美兎の個性派ゲームフェス実況(7)【委員長ついにアホを露呈するの巻】,207206,3057,86,2018-03-28T03:55:17Z
月ノ美兎の個性派ゲームフェス実況(6)【女の子をオトすの巻】,286204,10517,192,2018-03-25T15:45:18Z
月ノ美兎の放課後ラジオ #1,677481,19006,365,2018-03-18T14:32:21Z
【にじさんじJK組】WHITE DAY LIVE,465875,9527,263,2018-03-14T13:48:08Z
10分で分かる月ノ美兎*3【にじさんじ公式】,815997,13590,209,2018-03-13T22:00:00Z
隠し部屋を発見しました,308171,3938,150,2018-03-12T11:00:03Z
月ノ美兎がラジオやりたいと吠えるだけの動画,191055,3907,78,2018-03-11T22:00:04Z
月ノ美兎の特注ゲーム回,440057,6400,159,2018-03-10T14:02:15Z
月ノ美兎、模様替えに失敗して前科持ちになる【雑談配信】,626620,17886,537,2018-03-06T14:13:10Z
月ノ美兎、コロッケを作ったりする 【自由律フラッシュ回 #1】,341904,4739,140,2018-03-03T16:39:16Z
10分で分かる月ノ美兎  *２【にじさんじ公式】,852446,14525,261,2018-02-28T14:24:47Z
迷いウサギ月ノ美兎、迷宮を冒険,365939,5803,124,2018-02-28T13:49:39Z
おばけと闘う月ノ美兎 其の2【OUTLAST実況配信】,261155,3249,76,2018-02-26T15:29:51Z
月ノ美兎の個性派ゲームフェス実況(4)【友達を優先してダンスの巻】,231129,2848,82,2018-02-20T22:00:04Z
月ノ美兎の個性派ゲームフェス実況(3)【喜多が来てダンスの巻】,172798,2373,63,2018-02-20T03:52:10Z
月ノ美兎の個性派ゲームフェス実況(2)【ダンスとキス顔の巻】,185216,2723,73,2018-02-19T11:32:12Z
10分で分かる月ノ美兎【にじさんじ公式】,1537114,20524,520,2018-02-16T04:40:17Z
月ノ美兎の個性派ゲームフェス実況(1),433314,4687,149,2018-02-13T13:23:14Z
月ノ美兎の雑談生放送（１）,318743,4033,105,2018-02-11T11:39:21Z
月ノ美兎、名探偵になるの巻【にじさんじ公式】,372604,5915,106,2018-02-10T15:07:28Z
にじさんじ公式バーチャルユーチューバー 8人始動！,759314,15068,248,2018-02-08T00:54:33Z
